power,cpu,mem
256.43, 8.63, 26.67
237.86, 3.90, 21.16
226.44, 0.98, 23.06
246.51, 6.39, 18.67
245.23, 5.56, 20.71
254.00, 8.93, 19.74
245.41, 5.24, 25.59
244.03, 5.46, 18.82
238.38, 3.82, 15.25
246.56, 5.54, 20.47
232.93, 2.26, 15.39
246.42, 5.23, 18.98
242.76, 4.42, 25.74
241.42, 4.14, 20.94
242.64, 4.32, 18.46
248.72, 6.21, 18.99
246.22, 5.94, 24.39
249.24, 7.27, 19.85
249.99, 7.83, 23.19
233.65, 2.98, 22.59
243.02, 5.11, 19.46
256.49, 10.14, 25.04
248.48, 6.65, 27.76
252.88, 8.08, 22.72
243.72, 4.38, 18.40
234.71, 3.15, 31.74
247.24, 6.46, 23.48
240.42, 4.01, 21.74
253.64, 7.66, 24.36
250.70, 7.40, 24.90
245.96, 5.81, 28.90
251.79, 7.55, 19.21
242.92, 4.55, 19.60
248.15, 6.45, 22.00
240.34, 4.05, 26.06
256.64, 8.89, 22.38
234.67, 3.28, 21.96
243.75, 5.15, 19.40
227.56, 1.37, 23.20
238.35, 4.37, 29.45
263.23, 11.84, 23.39
248.58, 6.37, 20.87
237.25, 3.73, 19.14
242.63, 4.66, 21.08
248.62, 7.11, 18.61
249.73, 7.82, 31.43
243.84, 6.26, 26.68
248.91, 6.60, 21.70
242.89, 5.79, 22.69
229.78, 1.23, 28.62
238.29, 3.21, 22.30
243.49, 4.66, 24.95
238.81, 3.32, 21.17
253.21, 7.80, 24.00
241.33, 4.64, 23.49
243.76, 5.65, 18.15
255.19, 8.87, 25.93
256.93, 10.03, 27.94
253.64, 8.60, 22.19
252.39, 7.47, 20.08
248.15, 7.12, 29.05
254.51, 8.18, 15.57
240.00, 3.62, 23.84
247.07, 6.73, 31.50
246.56, 5.91, 14.62
249.83, 6.87, 24.51
238.20, 4.06, 17.09
241.88, 5.35, 22.14
233.26, 1.64, 22.06
250.36, 7.12, 18.64
256.68, 8.96, 22.35
244.33, 6.12, 25.96
238.10, 3.14, 19.31
249.14, 7.04, 27.28
247.51, 5.99, 20.39
255.77, 8.51, 13.26
232.06, 1.50, 26.07
250.18, 7.85, 20.86
246.33, 5.76, 23.53
242.34, 5.23, 20.74
236.85, 3.32, 24.20
246.26, 6.52, 24.95
240.45, 4.46, 16.86
257.63, 9.90, 24.02
258.02, 8.91, 17.83
255.06, 8.92, 23.21
249.95, 7.81, 21.00
246.96, 6.10, 24.91
246.84, 6.61, 25.51
245.56, 6.05, 16.86
245.56, 4.95, 19.69
252.17, 8.49, 25.40
249.11, 7.42, 28.13
245.29, 5.46, 29.99
255.37, 9.00, 21.98
262.14, 10.27, 21.38
232.62, 1.77, 26.08
243.08, 5.74, 26.05
241.95, 5.51, 29.16
257.29, 8.93, 20.10
264.21, 12.39, 40.90
269.28, 14.05, 36.26
277.63, 16.68, 39.25
274.60, 16.34, 34.72
273.50, 14.88, 29.99
283.97, 19.48, 29.70
269.98, 14.95, 32.51
260.13, 10.36, 31.95
280.67, 19.20, 31.67
258.91, 10.59, 25.95
283.96, 19.35, 31.76
264.94, 12.11, 28.02
279.58, 18.78, 25.95
278.53, 18.88, 40.18
281.63, 18.61, 34.31
269.56, 13.28, 26.01
282.86, 18.34, 31.23
253.71, 8.34, 31.62
254.92, 8.70, 34.56
282.45, 18.77, 32.86
266.65, 13.66, 27.24
255.88, 9.40, 26.86
260.45, 10.83, 37.78
256.05, 8.92, 40.34
281.84, 20.12, 33.56
258.59, 9.37, 26.86
280.91, 18.87, 29.78
253.18, 8.14, 40.04
252.16, 9.07, 38.69
281.83, 18.59, 36.76
253.58, 8.39, 26.79
278.95, 17.81, 37.76
265.33, 12.31, 25.89
272.07, 15.58, 31.20
251.08, 8.36, 40.29
277.10, 18.06, 33.57
271.21, 14.38, 32.59
265.08, 13.58, 40.35
279.00, 18.41, 33.35
258.54, 11.12, 37.97
286.46, 20.20, 32.22
267.00, 13.38, 26.30
267.43, 13.12, 31.42
279.38, 17.12, 30.07
256.55, 10.38, 37.16
279.13, 16.77, 27.60
249.53, 8.12, 35.80
260.98, 10.43, 33.38
255.90, 9.48, 32.23
264.10, 11.83, 40.96
269.61, 14.19, 36.49
285.04, 19.86, 38.91
279.80, 18.37, 38.38
285.51, 20.09, 27.23
281.99, 18.73, 29.50
269.66, 14.61, 29.28
277.48, 18.14, 37.68
274.03, 15.57, 38.29
280.40, 18.85, 33.27
250.50, 8.59, 37.75
252.39, 8.94, 36.70
255.08, 9.40, 35.18
282.24, 18.74, 30.29
261.43, 11.51, 30.79
250.91, 8.15, 28.44
268.84, 14.33, 38.08
265.41, 12.55, 35.53
252.53, 8.91, 32.45
268.52, 13.55, 34.69
277.95, 17.29, 27.52
275.89, 16.68, 38.84
253.24, 9.12, 28.53
277.15, 17.05, 34.82
282.06, 19.69, 37.46
270.19, 13.96, 28.94
283.15, 19.40, 30.92
256.62, 9.50, 26.31
268.34, 13.29, 30.91
270.77, 15.14, 33.80
278.91, 18.10, 29.36
257.00, 9.48, 28.41
261.09, 10.35, 28.00
283.75, 18.87, 29.08
267.40, 13.22, 27.86
251.76, 8.91, 35.26
279.51, 17.46, 29.05
253.63, 9.68, 39.26
282.07, 20.03, 33.52
265.05, 12.77, 31.72
265.88, 13.10, 30.39
254.81, 8.84, 33.28
273.42, 16.33, 31.95
255.32, 9.90, 31.69
280.18, 17.36, 28.93
263.88, 13.25, 38.20
280.00, 18.34, 31.81
282.41, 18.94, 30.02
271.93, 16.08, 37.56
283.14, 18.37, 26.17
283.15, 19.85, 38.67
267.79, 13.60, 32.73
242.83, 6.07, 35.58
267.80, 13.86, 29.82
267.13, 12.83, 40.48
278.04, 16.60, 27.75
289.30, 21.63, 39.55
271.07, 15.08, 24.18
280.55, 19.26, 35.17
269.70, 14.01, 29.83
280.19, 17.81, 24.57
273.67, 15.34, 37.30
275.48, 16.22, 31.42
285.88, 20.44, 29.53
260.41, 11.55, 33.69
259.83, 10.94, 38.96
278.24, 16.92, 33.93
274.19, 16.94, 39.41
277.55, 17.40, 35.55
269.52, 14.41, 47.32
261.83, 10.55, 26.08
271.19, 14.39, 44.71
272.40, 13.81, 20.64
281.85, 18.88, 41.25
278.56, 17.51, 40.36
265.62, 12.59, 27.21
281.24, 18.56, 37.25
280.74, 18.76, 31.29
279.90, 19.25, 35.85
261.91, 10.92, 29.67
285.52, 20.99, 34.69
272.41, 16.12, 43.34
281.89, 19.63, 45.27
276.07, 16.73, 28.98
279.94, 17.59, 31.71
247.47, 6.94, 38.01
277.77, 17.29, 31.18
289.79, 21.76, 34.24
253.36, 8.22, 29.48
289.48, 22.97, 30.52
264.19, 12.26, 36.73
268.65, 13.97, 32.44
264.42, 11.91, 28.29
263.34, 12.94, 38.70
264.52, 11.89, 35.36
263.78, 13.11, 37.88
257.46, 10.51, 24.16
270.89, 15.13, 38.40
274.83, 15.68, 38.41
274.39, 16.80, 34.56
271.43, 14.34, 27.11
260.47, 11.24, 48.11
268.72, 14.70, 34.60
270.09, 14.11, 33.70
266.79, 13.61, 32.75
279.28, 18.55, 32.47
266.58, 13.64, 30.07
261.41, 10.66, 35.98
288.30, 21.34, 26.79
289.31, 22.89, 34.12
259.98, 10.74, 32.94
275.53, 17.54, 37.43
260.16, 10.66, 31.00
252.05, 8.50, 29.75
268.78, 14.86, 37.18
262.22, 11.74, 32.48
289.76, 22.22, 30.77
267.23, 14.05, 30.95
272.66, 15.00, 35.40
269.42, 14.69, 41.71
267.03, 12.68, 40.00
262.99, 11.10, 27.94
268.31, 13.62, 29.75
270.05, 15.45, 39.17
269.55, 15.19, 33.52
275.46, 16.44, 32.02
252.08, 7.82, 30.94
257.72, 10.34, 26.62
292.15, 23.83, 32.29
248.76, 7.18, 26.31
269.50, 14.41, 34.13
259.33, 11.22, 44.07
287.31, 21.40, 42.08
270.29, 15.41, 35.60
254.69, 8.76, 39.16
286.37, 22.04, 32.43
267.17, 14.24, 33.99
273.16, 16.06, 33.64
268.73, 14.10, 31.09
275.64, 16.35, 29.90
264.78, 12.04, 31.46
273.89, 14.54, 23.94
266.57, 13.12, 26.92
247.61, 7.41, 31.36
260.55, 10.67, 33.26
279.80, 18.89, 32.46
277.04, 16.74, 30.82
272.44, 15.10, 36.12
270.34, 15.23, 28.21
267.33, 14.28, 38.84
259.68, 10.97, 33.05
269.68, 14.39, 34.19
277.59, 16.95, 34.05
263.96, 11.41, 33.49
268.91, 13.08, 32.39
260.71, 10.48, 36.51
281.69, 19.66, 38.49
265.71, 12.47, 25.18
279.38, 17.24, 38.51
260.50, 11.28, 39.09
275.33, 17.45, 37.23
261.36, 11.29, 36.09
257.22, 10.05, 33.00
256.44, 10.05, 28.20
277.09, 16.18, 32.75
263.47, 11.53, 32.51
269.15, 14.95, 38.50
260.51, 11.67, 40.03
276.48, 16.81, 31.47
257.54, 9.61, 25.64
274.14, 16.01, 35.54
289.38, 21.93, 32.98
266.43, 13.34, 31.95
269.76, 14.91, 35.84
278.72, 17.13, 32.92
269.98, 13.65, 27.07
255.18, 10.09, 36.43
286.88, 20.83, 34.79
281.92, 18.56, 33.68
267.63, 13.31, 32.50
261.04, 11.29, 33.10
275.09, 16.45, 32.84
276.02, 17.16, 26.66
285.42, 21.23, 26.86
256.48, 9.79, 35.25
261.97, 10.96, 42.01
263.29, 11.33, 26.70
273.89, 16.71, 32.54
266.41, 12.95, 36.04
261.97, 11.46, 33.32
272.35, 15.37, 22.61
276.62, 16.60, 35.53
264.16, 11.76, 43.19
265.08, 12.61, 26.25
267.46, 14.01, 46.81
274.98, 17.31, 35.55
260.32, 10.85, 41.86
264.95, 12.75, 31.19
268.44, 13.14, 36.44
270.09, 14.43, 33.70
251.81, 8.53, 33.69
279.64, 19.92, 54.74
283.08, 19.70, 55.41
284.49, 21.19, 53.47
287.76, 20.19, 30.51
283.69, 19.40, 38.00
286.10, 21.09, 37.88
282.23, 19.03, 33.85
291.26, 23.18, 46.72
291.47, 22.95, 38.97
278.66, 19.46, 44.79
283.09, 18.73, 52.04
286.85, 21.31, 56.95
284.32, 19.27, 43.92
286.47, 20.82, 33.64
277.79, 19.25, 57.35
281.95, 18.65, 57.75
287.75, 20.73, 45.19
282.75, 19.88, 41.57
285.32, 21.83, 45.81
285.72, 20.60, 43.92
277.64, 19.28, 56.30
282.81, 19.19, 57.63
287.67, 20.92, 36.69
289.28, 20.91, 34.35
283.65, 18.97, 50.09
284.47, 18.73, 30.55
287.56, 21.84, 53.02
282.06, 19.21, 49.28
291.30, 21.75, 35.72
287.98, 22.86, 53.50
277.32, 18.63, 57.42
290.71, 23.00, 30.37
283.17, 19.71, 41.23
279.94, 18.94, 57.96
278.91, 18.59, 55.30
288.08, 22.04, 50.07
277.30, 18.53, 57.98
291.01, 22.48, 37.71
284.52, 20.30, 54.29
284.91, 20.79, 54.91
281.61, 18.78, 32.10
281.35, 18.97, 35.96
278.42, 18.55, 56.94
280.58, 18.51, 32.61
285.12, 20.03, 41.91
285.63, 19.65, 40.74
292.60, 22.69, 46.96
287.61, 22.51, 37.43
283.62, 20.30, 56.67
281.90, 19.92, 36.81
292.18, 23.56, 32.51
283.90, 21.15, 41.50
290.94, 22.07, 53.46
277.98, 18.31, 32.51
283.07, 18.92, 31.16
289.63, 23.52, 39.29
281.63, 19.07, 45.55
283.57, 19.80, 34.15
287.45, 21.54, 40.66
283.38, 21.29, 51.44
286.02, 21.26, 51.81
281.21, 20.21, 42.70
285.08, 20.89, 32.60
278.40, 18.37, 30.31
287.85, 21.84, 56.29
293.81, 23.52, 36.15
290.33, 21.64, 42.11
288.35, 23.27, 30.33
277.71, 18.52, 53.76
280.95, 18.94, 47.56
289.36, 22.91, 54.10
289.57, 22.12, 42.16
281.71, 18.37, 47.58
286.59, 20.32, 47.08
281.04, 20.04, 52.49
287.92, 22.88, 53.68
282.16, 20.64, 48.09
292.55, 23.47, 50.28
286.88, 22.98, 56.64
292.88, 23.69, 52.48
282.14, 18.91, 47.75
284.95, 20.63, 32.80
281.66, 18.30, 54.89
280.74, 19.62, 54.63
286.31, 20.30, 36.58
282.72, 20.63, 52.05
285.10, 21.77, 42.04
284.36, 20.50, 48.27
284.40, 20.71, 54.12
277.21, 18.63, 58.45
283.52, 20.21, 40.93
289.26, 21.67, 33.68
289.52, 23.01, 35.00
290.01, 23.55, 46.14
281.29, 19.51, 57.88
287.48, 20.64, 34.70
281.75, 19.20, 31.88
290.08, 22.44, 30.87
286.18, 22.25, 57.95
277.93, 18.40, 30.73
289.73, 22.41, 56.43
283.89, 20.80, 56.91
287.71, 21.33, 42.41
288.88, 22.97, 42.02
286.42, 20.31, 30.32
283.02, 19.01, 50.47
288.81, 23.38, 43.77
284.88, 20.60, 55.47
279.85, 19.45, 46.42
286.94, 21.61, 38.91
283.97, 19.64, 50.79
288.34, 22.72, 35.53
279.00, 18.77, 43.99
287.72, 21.14, 33.59
278.73, 19.40, 56.25
282.05, 20.05, 40.17
281.68, 20.69, 49.69
284.67, 21.00, 40.36
285.31, 19.70, 31.14
278.51, 18.93, 45.69
291.46, 23.31, 33.90
292.85, 23.57, 43.95
281.91, 19.41, 50.03
281.71, 19.61, 33.44
278.80, 19.48, 54.85
289.23, 22.45, 43.49
284.30, 21.36, 43.05
291.83, 22.87, 42.88
287.88, 22.74, 42.82
277.96, 18.80, 43.76
285.97, 21.06, 55.12
279.77, 18.83, 50.27
291.70, 22.27, 34.13
279.50, 18.34, 34.15
287.98, 22.60, 56.31
280.38, 18.59, 37.37
288.55, 21.70, 42.97
287.42, 20.53, 53.71
284.45, 20.52, 30.42
286.34, 22.67, 45.44
284.05, 19.15, 54.10
278.51, 19.01, 42.41
282.25, 19.97, 39.28
287.06, 21.76, 51.74
281.42, 18.87, 47.11
289.29, 22.75, 35.38
290.36, 22.75, 44.12
286.30, 22.85, 54.93
285.86, 20.26, 53.84
290.32, 22.06, 43.45
291.38, 23.58, 67.16
296.87, 26.63, 50.92
286.40, 22.52, 57.83
303.14, 30.99, 61.48
292.09, 24.00, 40.75
300.21, 27.93, 46.73
296.55, 25.27, 53.69
305.92, 30.71, 54.57
301.22, 29.54, 57.02
296.26, 25.15, 55.04
302.59, 29.00, 55.82
296.43, 25.66, 63.08
298.49, 26.15, 51.07
302.65, 30.43, 45.20
301.19, 27.94, 57.38
302.35, 28.35, 55.88
299.69, 28.99, 61.85
297.52, 26.37, 43.81
299.86, 28.06, 51.99
296.71, 27.22, 53.63
288.66, 22.69, 66.38
291.69, 25.02, 53.80
303.67, 29.71, 58.95
298.77, 28.52, 56.86
299.36, 29.08, 67.97
285.73, 22.02, 59.84
300.14, 27.25, 64.21
292.58, 24.46, 42.32
296.38, 26.32, 44.06
299.87, 28.53, 65.32
290.72, 24.54, 64.95
287.89, 21.63, 48.92
301.55, 29.56, 49.63
293.68, 25.69, 63.46
285.17, 21.24, 49.64
293.47, 24.33, 57.04
292.95, 24.82, 66.77
301.40, 29.39, 43.20
291.48, 23.62, 64.82
293.48, 24.06, 46.86
298.75, 27.46, 57.15
303.93, 30.69, 56.68
286.71, 21.75, 48.26
289.57, 24.13, 61.32
286.56, 21.95, 47.01
304.65, 30.74, 61.47
305.25, 30.79, 51.18
290.33, 23.75, 45.70
295.85, 27.00, 61.82
290.24, 23.00, 64.88
296.68, 26.82, 56.19
304.30, 30.18, 54.65
305.95, 30.80, 64.01
304.22, 29.85, 56.76
294.07, 25.76, 47.91
294.48, 24.47, 46.42
305.13, 31.01, 46.83
290.64, 23.06, 61.15
302.59, 27.95, 40.39
289.33, 22.77, 58.56
303.77, 30.51, 49.54
306.85, 30.94, 49.45
302.23, 29.51, 52.46
290.55, 24.53, 54.38
296.77, 27.26, 42.65
284.62, 21.04, 68.13
306.47, 30.56, 52.45
301.72, 29.04, 62.10
295.63, 25.79, 44.70
285.12, 21.55, 67.20
289.74, 23.13, 54.47
302.03, 29.01, 46.24
289.31, 22.32, 56.96
290.79, 24.31, 40.17
291.73, 23.75, 43.18
297.13, 25.50, 41.31
294.74, 24.47, 64.90
296.79, 27.54, 48.97
304.02, 29.40, 57.35
295.41, 25.70, 66.60
299.53, 28.06, 44.02
300.42, 28.20, 48.12
294.03, 24.63, 51.82
304.53, 29.34, 45.95
298.25, 27.97, 40.19
291.04, 24.30, 65.17
302.30, 28.65, 59.74
299.08, 27.75, 55.04
302.17, 28.55, 60.68
306.83, 31.05, 44.38
287.61, 21.54, 51.60
297.42, 26.80, 60.82
297.86, 26.20, 56.35
295.57, 25.71, 44.65
294.94, 25.42, 66.15
288.24, 23.16, 47.62
300.17, 27.94, 48.08
296.78, 26.83, 47.65
293.11, 24.52, 48.39
298.30, 27.11, 57.02
319.47, 40.43, 50.46
309.36, 32.63, 54.26
316.24, 38.35, 76.33
312.14, 35.40, 49.94
305.54, 31.58, 50.81
311.51, 35.12, 66.74
309.72, 33.93, 60.92
321.34, 40.80, 50.19
304.57, 31.22, 69.96
305.15, 31.55, 64.83
307.17, 31.66, 56.10
308.58, 32.30, 68.50
317.29, 39.10, 83.30
303.95, 30.16, 49.55
308.35, 32.52, 74.53
314.25, 36.06, 51.47
309.64, 33.28, 66.18
321.20, 41.76, 76.50
317.03, 38.91, 55.16
308.56, 32.27, 50.38
309.77, 33.16, 52.78
302.45, 30.51, 87.94
307.28, 31.60, 65.95
319.06, 40.94, 87.72
312.72, 35.88, 85.41
310.29, 34.30, 81.38
313.51, 36.78, 61.85
322.21, 42.10, 85.16
310.77, 34.82, 67.34
306.33, 31.42, 66.80
312.75, 35.73, 62.10
303.92, 30.27, 80.72
306.90, 32.10, 70.78
318.27, 39.77, 82.66
312.40, 35.60, 79.64
307.69, 33.14, 87.27
312.48, 35.41, 87.57
309.17, 33.47, 85.49
305.99, 31.15, 58.20
311.76, 35.24, 87.58
309.66, 33.78, 74.63
304.33, 30.98, 89.39
313.47, 35.71, 82.88
302.51, 30.32, 63.32
307.33, 32.56, 52.98
313.21, 35.51, 66.75
313.28, 37.30, 83.30
316.64, 38.76, 74.15
308.80, 33.72, 52.22
306.06, 31.38, 72.00
316.51, 37.24, 62.64
311.98, 34.74, 85.69
315.60, 36.84, 76.38
306.75, 31.80, 76.38
307.36, 32.61, 88.85
306.44, 32.24, 72.40
308.89, 32.90, 52.91
310.29, 33.69, 61.83
313.19, 35.71, 56.35
316.03, 38.93, 57.79
315.73, 38.96, 79.46
313.06, 35.62, 81.67
304.19, 31.29, 57.65
315.06, 37.19, 71.91
310.11, 33.29, 67.73
315.45, 38.50, 79.05
318.74, 39.18, 85.47
318.92, 40.33, 83.51
320.99, 40.87, 72.02
303.80, 30.53, 56.59
321.48, 41.39, 82.72
311.82, 34.29, 66.32
312.56, 35.71, 53.29
322.85, 42.18, 51.73
309.31, 33.78, 67.78
317.34, 39.49, 87.01
320.53, 41.16, 79.14
318.11, 40.17, 50.55
320.70, 40.91, 83.84
305.96, 30.67, 63.40
323.03, 42.10, 55.02
307.83, 31.90, 81.48
313.33, 35.68, 81.84
322.93, 42.19, 66.29
315.15, 36.75, 73.05
311.60, 34.61, 55.61
312.03, 36.14, 69.35
315.32, 37.57, 57.28
318.76, 38.99, 76.74
315.74, 37.71, 75.42
307.98, 33.73, 82.21
304.57, 31.24, 71.05
308.14, 33.47, 58.28
308.16, 32.76, 88.44
316.24, 38.06, 79.69
318.77, 40.62, 73.47
312.17, 34.39, 50.14
303.14, 30.79, 87.42
318.77, 40.18, 79.35
310.39, 34.72, 76.79
321.30, 41.42, 62.25
321.38, 42.12, 68.81
316.82, 38.00, 65.89
315.50, 37.87, 79.40
319.69, 39.64, 52.76
310.74, 33.81, 79.06
303.42, 30.34, 75.75
310.72, 34.79, 51.71
304.73, 30.79, 56.86
321.35, 41.13, 71.56
304.49, 31.03, 66.06
313.85, 35.96, 56.41
315.42, 37.53, 87.72
305.24, 30.51, 62.92
317.51, 38.13, 57.00
320.46, 42.06, 51.54
313.00, 36.82, 57.33
321.87, 42.39, 87.96
319.77, 39.95, 67.23
316.04, 39.13, 75.24
310.97, 34.16, 81.67
308.80, 33.80, 78.58
313.55, 35.23, 55.00
316.81, 37.76, 74.96
310.41, 35.09, 88.15
317.42, 38.75, 57.70
319.55, 39.63, 74.32
314.68, 36.63, 66.78
316.10, 38.39, 72.49
318.73, 39.37, 74.12
321.48, 41.50, 52.07
323.35, 44.69, 88.37
312.09, 35.01, 78.10
307.22, 32.10, 59.60
307.74, 32.17, 81.38
314.67, 36.09, 51.64
323.28, 43.39, 85.09
304.68, 31.60, 97.00
313.53, 36.88, 69.85
317.44, 38.91, 62.23
317.49, 39.09, 78.38
318.55, 39.18, 68.11
314.18, 35.98, 63.32
310.64, 34.26, 67.67
315.80, 38.25, 57.95
310.43, 34.78, 68.43
324.69, 45.87, 75.01
300.96, 28.29, 75.14
316.30, 38.77, 62.70
314.94, 36.45, 79.27
317.38, 38.95, 66.61
317.62, 38.41, 78.00
312.88, 35.61, 91.13
308.24, 33.64, 91.87
308.59, 32.89, 75.86
306.87, 32.42, 75.74
300.19, 28.90, 96.59
316.40, 37.42, 71.66
320.69, 41.39, 60.14
308.87, 33.78, 71.81
310.69, 34.85, 68.98
306.64, 31.50, 65.47
317.95, 38.55, 79.07
310.57, 34.63, 77.28
317.07, 38.89, 83.63
308.61, 32.71, 69.88
320.80, 40.68, 77.42
312.48, 34.95, 72.11
314.15, 36.65, 73.66
316.71, 39.06, 65.16
307.65, 32.63, 56.27
314.53, 37.33, 74.69
312.27, 35.10, 55.09
308.18, 33.21, 64.10
320.08, 40.86, 62.35
311.03, 34.93, 67.26
313.31, 37.11, 91.18
318.74, 41.25, 90.94
316.53, 40.01, 95.79
308.59, 33.76, 69.08
314.22, 35.97, 65.06
310.00, 33.70, 66.36
309.88, 34.45, 47.24
310.12, 34.89, 79.56
320.93, 40.39, 60.17
311.61, 35.77, 62.21
313.02, 35.52, 72.67
308.30, 33.79, 59.90
315.10, 36.98, 81.30
296.41, 27.23, 84.93
314.51, 36.45, 64.06
311.92, 36.31, 78.97
319.78, 40.95, 65.31
317.08, 38.65, 97.39
313.30, 37.09, 71.56
323.57, 43.40, 55.95
309.68, 34.05, 57.72
318.38, 39.41, 68.19
306.57, 32.13, 74.37
296.75, 26.20, 77.58
325.07, 44.92, 74.27
321.29, 42.00, 87.81
320.24, 40.59, 86.69
320.97, 41.25, 77.52
320.29, 41.24, 75.89
320.83, 41.96, 81.53
322.38, 43.55, 83.50
321.23, 42.83, 86.80
323.96, 43.76, 84.76
322.37, 43.38, 76.88
324.96, 44.80, 75.06
320.30, 40.85, 77.29
322.63, 42.67, 88.20
322.47, 42.77, 88.27
318.77, 40.53, 88.16
321.59, 42.25, 77.30
319.02, 40.80, 87.86
322.49, 42.60, 83.87
319.10, 40.84, 86.91
320.68, 41.50, 74.99
325.19, 45.35, 80.47
321.40, 41.95, 88.16
322.97, 44.07, 81.01
324.78, 45.38, 85.44
322.46, 42.98, 74.74
321.18, 42.92, 84.36
325.99, 45.41, 73.94
321.12, 41.92, 84.75
320.50, 41.04, 81.32
321.01, 41.08, 75.84
323.70, 44.84, 81.26
325.17, 44.39, 78.76
324.15, 43.93, 76.43
322.89, 44.39, 87.73
325.91, 45.14, 78.28
324.38, 44.86, 84.55
324.81, 44.43, 77.21
323.98, 43.80, 82.20
323.38, 44.44, 77.19
319.09, 41.14, 78.30
322.63, 42.59, 87.62
325.26, 44.58, 84.92
322.27, 42.19, 85.00
322.27, 42.59, 83.31
322.92, 43.83, 81.39
325.13, 45.26, 88.54
322.51, 42.48, 80.81
322.10, 43.63, 79.52
323.08, 44.01, 81.13
323.77, 43.48, 80.36
319.45, 41.51, 87.65
323.95, 45.09, 82.86
319.57, 40.59, 79.74
323.37, 43.88, 74.80
319.52, 40.87, 78.66
319.24, 40.61, 74.83
321.55, 42.88, 78.70
320.06, 41.68, 77.75
322.06, 42.91, 82.99
321.65, 43.05, 74.87
320.65, 41.48, 81.67
318.58, 40.66, 85.14
323.52, 44.07, 88.15
326.14, 45.48, 79.98
321.11, 41.88, 74.12
322.07, 42.00, 73.22
318.80, 40.97, 83.74
320.17, 40.82, 82.32
320.06, 40.70, 75.62
323.30, 42.97, 80.44
323.80, 43.90, 82.33
321.36, 41.42, 84.82
319.23, 40.58, 80.37
324.00, 44.92, 79.31
325.87, 45.42, 86.50
321.67, 42.52, 83.64
322.35, 43.57, 79.94
322.40, 43.40, 85.58
324.22, 45.31, 86.39
322.61, 43.16, 87.49
325.26, 45.43, 87.51
323.11, 44.28, 77.16
324.61, 45.11, 79.19
323.12, 43.78, 81.84
320.24, 41.03, 86.98
320.76, 41.85, 86.09
321.58, 42.35, 81.37
324.49, 45.24, 80.87
324.50, 44.02, 85.93
326.39, 45.43, 75.71
314.56, 37.19, 69.84
325.35, 45.48, 73.31
322.11, 43.78, 71.95
322.69, 43.58, 66.48
322.91, 42.24, 64.24
325.20, 44.58, 68.13
327.99, 46.66, 66.95
317.06, 38.12, 70.36
323.85, 43.93, 69.45
327.28, 46.73, 73.85
321.35, 41.47, 72.87
323.57, 43.07, 68.36
326.50, 46.48, 66.57
324.52, 44.96, 73.18
327.43, 45.84, 72.16
319.06, 40.63, 67.08
322.87, 42.59, 69.49
321.88, 43.43, 66.04
319.28, 41.33, 69.64
329.18, 48.18, 73.78
325.13, 44.59, 73.18
318.99, 40.27, 70.06
324.90, 45.99, 73.67
323.91, 43.73, 74.13
321.31, 40.93, 71.69
326.46, 46.41, 73.94
331.40, 49.65, 66.61
321.43, 43.02, 72.47
319.89, 41.51, 65.64
320.64, 41.89, 74.57
322.76, 43.18, 69.01
321.92, 41.61, 67.87
320.31, 40.95, 69.58
324.91, 43.88, 65.21
321.62, 43.44, 74.76
326.53, 46.25, 70.26
325.18, 45.45, 69.22
322.77, 41.84, 64.37
310.42, 35.19, 64.62
319.42, 39.60, 71.58
320.66, 41.56, 71.55
326.62, 45.22, 71.37
323.72, 43.71, 67.63
327.35, 46.26, 67.38
323.26, 43.15, 69.27
328.11, 47.29, 72.12
318.01, 39.65, 69.24
318.42, 39.95, 70.45
319.95, 41.68, 66.48
322.91, 43.10, 68.48
318.67, 41.07, 71.04
328.38, 47.13, 74.90
325.51, 46.56, 72.11
322.66, 44.11, 66.95
324.04, 44.22, 65.67
321.73, 42.76, 69.47
326.18, 45.41, 66.95
323.24, 44.71, 64.89
323.26, 42.46, 72.91
318.26, 40.71, 74.02
330.79, 50.68, 73.39
324.50, 45.48, 79.63
325.87, 45.87, 75.37
329.58, 47.25, 25.23
328.57, 46.47, 31.38
327.50, 46.90, 50.00
331.15, 49.72, 57.85
325.47, 46.97, 58.18
331.97, 47.38, 19.27
327.38, 48.94, 71.95
328.86, 47.57, 71.82
329.28, 45.93, 34.58
328.41, 49.30, 64.74
329.52, 46.14, 31.07
330.79, 48.75, 19.03
333.60, 49.86, 34.19
325.91, 43.36, 18.36
332.00, 50.46, 28.56
329.85, 48.82, 28.58
327.97, 45.82, 18.19
326.97, 46.32, 33.07
324.90, 46.39, 76.99
331.04, 48.97, 31.80
329.72, 48.51, 61.94
329.43, 47.88, 63.20
329.28, 47.52, 29.01
332.56, 47.19, 16.00
331.38, 48.37, 23.24
329.78, 45.55, 20.03
326.33, 45.31, 69.28
330.57, 46.90, 25.23
326.60, 44.55, 60.79
332.88, 48.92, 21.83
332.09, 48.90, 40.47
328.53, 47.80, 47.64
325.54, 43.98, 53.53
331.75, 50.41, 79.03
329.75, 43.93, 15.73
332.07, 49.76, 18.65
324.79, 44.52, 60.35
330.17, 48.86, 66.22
326.22, 44.80, 56.60
325.05, 44.75, 42.29
330.80, 48.28, 51.35
328.65, 47.00, 22.97
324.79, 45.88, 49.20
327.71, 47.00, 42.19
321.75, 43.38, 54.99
329.94, 47.51, 49.73
330.81, 47.00, 16.71
325.96, 44.71, 69.82
327.64, 46.39, 61.51
334.41, 50.72, 26.30
327.15, 46.72, 49.62
333.24, 48.70, 25.56
334.03, 50.28, 35.35
327.54, 45.86, 57.61
331.28, 50.20, 83.73
332.42, 47.41, 22.11
324.47, 43.49, 57.30
332.87, 50.78, 32.07
324.83, 44.30, 79.64
326.78, 46.64, 33.82
325.74, 46.85, 68.13
327.43, 47.85, 74.53
330.35, 47.52, 27.20
326.11, 44.48, 66.01
326.65, 45.73, 62.94
330.56, 48.53, 24.44
327.48, 47.72, 44.63
324.19, 44.56, 81.56
325.38, 45.60, 74.60
329.98, 45.82, 27.29
322.35, 44.18, 53.18
323.47, 44.42, 58.41
327.90, 48.23, 56.12
328.01, 45.99, 76.60
331.95, 48.61, 24.67
324.31, 43.75, 45.30
327.32, 44.70, 31.71
327.49, 45.37, 48.66
329.63, 45.55, 23.86
325.07, 43.52, 54.85
323.42, 43.36, 81.96
331.49, 50.77, 55.26
321.91, 44.14, 72.16
325.28, 46.29, 68.89
324.97, 46.22, 84.36
326.62, 47.56, 85.18
330.53, 50.50, 53.02
327.99, 46.88, 80.04
330.73, 48.58, 77.74
330.80, 49.97, 59.11
327.59, 44.01, 25.18
325.50, 46.65, 46.84
330.41, 47.74, 22.49
331.14, 48.41, 20.55
329.22, 46.32, 28.37
331.30, 49.12, 69.10
326.81, 47.08, 54.96
325.83, 46.52, 56.58
326.43, 43.97, 15.82
333.08, 49.95, 38.23
327.90, 44.87, 37.89
323.84, 43.46, 62.94
328.80, 45.22, 28.48
329.44, 47.58, 21.96
329.04, 48.64, 78.99
331.67, 48.12, 24.78
328.67, 48.17, 40.98
325.83, 46.00, 61.51
325.44, 44.11, 74.10
325.56, 45.56, 31.95
322.43, 43.45, 77.07
335.05, 50.18, 16.93
326.86, 47.91, 45.37
326.65, 48.10, 60.12
326.40, 45.81, 48.22
327.78, 45.43, 45.17
329.42, 47.93, 45.08
327.78, 46.53, 44.14
330.26, 50.41, 32.44
331.52, 49.00, 44.51
326.01, 43.59, 33.51
330.30, 49.45, 68.13
324.02, 43.56, 42.25
329.48, 47.22, 62.67
324.93, 43.18, 30.14
327.28, 44.20, 27.62
326.42, 46.61, 41.18
328.56, 45.84, 41.46
325.01, 46.22, 62.85
324.93, 43.85, 76.15
328.43, 47.36, 67.33
325.20, 43.24, 18.03
327.55, 46.02, 37.95
326.35, 46.78, 50.60
327.95, 47.02, 79.22
324.65, 44.26, 31.96
327.41, 46.58, 27.17
330.72, 48.59, 72.78
325.91, 44.85, 69.01
330.13, 48.66, 40.92
325.32, 46.62, 60.84
322.31, 44.01, 63.65
332.22, 49.56, 38.97
329.63, 49.49, 47.41
326.35, 44.75, 59.42
326.85, 44.39, 18.90
321.86, 43.82, 52.75
331.52, 49.41, 29.40
331.56, 48.41, 19.04
330.14, 48.87, 70.23
331.21, 50.50, 31.63
325.90, 45.05, 32.36
321.83, 43.13, 73.75
325.19, 46.03, 83.12
329.05, 50.64, 66.31
327.29, 46.33, 25.82
322.08, 43.73, 47.19
323.88, 42.00, 61.56
328.50, 48.07, 51.59
330.39, 46.23, 24.21
325.97, 46.82, 69.47
331.50, 48.84, 60.02
328.31, 47.12, 62.91
329.03, 46.23, 38.93
326.39, 47.09, 70.73
324.53, 45.76, 70.36
328.63, 45.31, 22.32
329.90, 47.17, 47.96
327.05, 47.71, 50.27
327.71, 48.82, 45.23
331.99, 47.81, 35.07
331.74, 48.12, 33.87
330.19, 46.36, 35.55
328.54, 46.25, 41.69
332.66, 50.46, 22.39
327.64, 46.71, 64.42
323.84, 43.02, 58.10
331.70, 50.82, 47.47
326.62, 45.23, 40.11
329.35, 47.14, 71.74
325.62, 44.44, 61.26
326.15, 46.35, 41.42
330.45, 47.23, 49.14
326.98, 45.57, 47.10
331.45, 48.17, 40.42
330.73, 48.34, 54.24
331.50, 47.63, 32.03
331.82, 49.66, 28.79
325.74, 46.08, 71.65
329.23, 45.04, 18.02
327.45, 45.09, 72.02
325.85, 43.80, 64.86
329.68, 46.94, 59.06
323.15, 44.59, 61.29
325.40, 46.25, 41.33
328.08, 47.98, 50.51
328.07, 46.04, 32.74
327.51, 47.67, 54.94
331.02, 48.21, 43.12
324.80, 45.76, 64.01
329.08, 46.08, 43.38
326.99, 48.06, 61.89
324.55, 43.36, 33.26
320.47, 42.01, 49.92
328.92, 47.30, 51.88
328.28, 47.90, 29.95
326.40, 46.91, 33.31
325.80, 47.56, 70.63
331.53, 44.87, 8.59
327.19, 45.12, 34.15
329.11, 46.32, 46.87
325.63, 45.00, 42.33
329.41, 47.03, 28.49
324.34, 46.12, 53.47
326.14, 46.46, 41.16
332.02, 49.31, 46.07
331.94, 49.04, 37.67
324.05, 44.62, 44.83
327.40, 44.87, 53.15
320.61, 42.65, 52.87
331.95, 49.38, 70.42
331.26, 49.80, 46.50
329.93, 48.62, 32.77
326.28, 48.15, 64.68
330.02, 49.12, 39.09
330.13, 46.19, 34.98
326.46, 46.64, 75.26
327.97, 46.11, 60.00
326.87, 47.56, 33.96
329.92, 46.40, 41.89
326.82, 45.74, 40.31
329.18, 48.78, 52.92
324.62, 45.52, 56.75
331.35, 47.21, 34.81
323.66, 45.50, 55.67
335.60, 51.10, 28.13
331.46, 51.12, 30.07
329.29, 47.23, 32.31
327.97, 46.26, 67.83
327.23, 45.81, 38.51
322.29, 44.06, 65.33
327.57, 44.93, 43.67
329.00, 46.50, 64.89
331.94, 50.48, 83.25
324.78, 46.19, 48.05
324.45, 46.02, 73.02
330.82, 46.96, 33.60
349.15, 64.22, 12.29
340.41, 58.07, 46.36
345.65, 68.21, 26.33
343.75, 62.27, 29.24
339.89, 60.43, 38.90
336.48, 51.82, 28.01
338.51, 57.97, 36.55
338.24, 56.94, 33.95
344.56, 64.02, 35.53
350.87, 68.92, 16.17
343.91, 66.65, 33.77
338.96, 52.84, 13.36
339.79, 55.05, 13.45
340.46, 56.74, 17.90
347.52, 67.78, 46.13
347.08, 67.26, 18.85
341.31, 60.43, 30.60
346.41, 64.10, 22.37
334.95, 51.64, 37.76
345.49, 66.28, 30.73
335.56, 51.74, 14.96
344.12, 62.25, 14.15
344.26, 59.81, 18.30
346.37, 64.36, 17.80
338.83, 53.89, 17.08
346.38, 67.96, 19.73
345.96, 66.61, 21.67
349.72, 68.64, 20.71
345.77, 67.72, 35.47
334.32, 53.37, 32.56
340.71, 56.35, 28.37
344.52, 59.34, 16.67
344.78, 63.14, 26.43
333.54, 50.58, 42.16
337.79, 53.13, 11.55
343.67, 62.91, 44.65
335.02, 51.05, 25.29
342.08, 59.38, 15.47
346.99, 66.22, 39.12
346.55, 65.61, 15.39
332.62, 52.14, 40.44
339.95, 55.61, 32.18
331.17, 48.17, 26.43
339.47, 59.24, 29.71
334.77, 50.98, 15.98
334.75, 50.61, 30.86
338.33, 54.23, 25.76
348.71, 70.07, 44.14
347.68, 69.42, 20.46
343.48, 60.24, 15.05
341.65, 58.82, 13.65
342.14, 55.92, 14.76
330.17, 48.35, 29.37
343.63, 59.96, 26.18
349.00, 69.56, 17.63
341.13, 61.35, 34.23
344.23, 62.19, 20.85
344.35, 66.21, 34.05
349.10, 68.28, 19.89
333.33, 49.68, 46.35
335.94, 50.83, 24.21
346.60, 65.79, 14.97
338.24, 56.36, 31.18
346.26, 62.74, 20.30
342.90, 63.87, 45.61
335.36, 49.32, 13.18
336.91, 53.94, 16.95
333.95, 49.96, 20.48
338.07, 53.90, 22.60
346.72, 70.08, 38.25
337.87, 57.62, 43.23
345.03, 61.30, 21.33
339.02, 55.13, 27.54
348.63, 69.63, 29.77
349.92, 68.97, 15.37
334.36, 48.07, 21.33
332.09, 48.48, 25.59
339.38, 56.66, 39.93
341.80, 59.31, 36.96
341.42, 53.93, 11.83
347.58, 67.65, 37.39
332.50, 49.79, 24.69
340.88, 55.70, 18.49
333.42, 49.10, 28.73
346.02, 64.52, 25.18
342.51, 56.48, 11.86
347.30, 69.82, 24.02
333.78, 52.63, 33.77
334.80, 52.82, 23.23
342.02, 60.43, 17.19
342.66, 63.38, 34.92
347.34, 62.74, 12.45
349.10, 67.07, 19.82
330.62, 48.49, 45.36
334.60, 52.25, 44.42
341.81, 59.21, 45.86
331.09, 50.90, 46.07
346.77, 68.45, 30.72
336.05, 51.19, 22.66
331.56, 48.80, 26.30
344.49, 63.92, 31.54
344.25, 63.35, 38.95
346.62, 67.54, 36.57
345.85, 69.84, 32.19
342.84, 58.87, 30.15
344.62, 59.03, 18.65
336.30, 54.01, 38.85
333.33, 52.63, 37.17
343.07, 64.80, 42.16
344.85, 65.14, 26.56
348.10, 68.74, 21.29
338.94, 53.21, 21.87
336.96, 56.64, 42.94
349.19, 69.11, 22.77
336.59, 52.74, 25.45
337.32, 54.32, 44.39
332.76, 47.83, 28.18
345.08, 64.59, 25.69
346.27, 63.99, 20.15
344.38, 62.21, 19.27
334.31, 52.29, 25.33
338.52, 56.10, 25.50
337.01, 53.95, 22.63
340.07, 60.01, 27.44
342.81, 59.15, 19.48
335.12, 53.05, 24.04
335.87, 54.14, 26.05
340.14, 60.36, 28.32
342.26, 61.91, 26.95
347.79, 70.01, 28.75
338.51, 58.88, 38.44
339.75, 58.36, 29.05
337.52, 54.48, 29.25
340.34, 57.82, 22.76
323.80, 42.54, 32.13
343.30, 63.18, 24.61
331.16, 47.99, 28.25
338.91, 57.42, 36.14
340.64, 59.55, 24.38
339.35, 58.20, 32.25
334.23, 52.53, 27.64
339.94, 57.53, 30.98
340.69, 57.59, 27.21
341.01, 59.75, 19.58
338.49, 57.80, 37.99
334.32, 53.09, 32.44
342.95, 61.84, 23.52
343.99, 64.78, 24.33
340.29, 59.46, 30.79
338.08, 57.56, 30.05
346.74, 65.48, 23.53
342.38, 60.87, 31.76
340.91, 61.37, 39.12
340.69, 62.07, 31.99
336.39, 55.56, 30.10
339.07, 57.03, 25.85
341.66, 62.76, 25.84
334.98, 52.18, 30.83
340.82, 59.31, 28.77
341.60, 60.59, 24.64
339.20, 58.12, 30.54
334.76, 53.85, 32.96
331.97, 49.60, 36.85
334.07, 51.99, 24.20
342.92, 60.66, 21.77
344.60, 65.03, 28.34
348.52, 74.72, 33.65
343.30, 61.79, 26.03
339.88, 59.89, 28.41
339.95, 59.70, 26.42
340.39, 57.74, 26.23
342.41, 60.55, 30.44
335.48, 53.69, 28.51
337.13, 55.34, 28.02
338.62, 58.53, 28.72
341.00, 60.84, 24.35
337.84, 57.35, 29.99
340.66, 62.20, 32.59
339.15, 56.96, 28.28
339.58, 57.07, 29.32
338.32, 58.26, 29.40
340.33, 59.19, 20.96
338.54, 57.79, 24.12
336.36, 56.26, 35.87
343.05, 63.74, 31.04
341.13, 62.82, 35.71
339.35, 55.93, 24.81
337.05, 57.09, 35.16
335.68, 52.67, 26.47
347.57, 69.25, 23.84
340.95, 59.58, 24.99
339.32, 56.77, 34.39
338.91, 56.24, 25.66
340.91, 62.65, 31.59
341.01, 58.47, 28.21
342.20, 62.39, 29.06
339.40, 58.43, 28.08
347.42, 68.15, 24.37
345.53, 64.89, 21.49
343.02, 61.36, 26.08
346.27, 73.02, 44.55
349.39, 73.87, 35.15
350.60, 77.39, 48.10
351.06, 77.70, 38.97
346.30, 73.15, 52.13
351.84, 79.88, 40.49
349.89, 76.81, 42.82
348.08, 77.20, 54.52
348.68, 75.37, 49.04
350.47, 76.76, 32.87
346.13, 70.22, 41.75
345.86, 71.79, 43.08
347.29, 73.34, 50.56
349.71, 75.94, 40.38
349.22, 77.02, 34.61
351.88, 78.67, 33.68
350.23, 74.96, 31.87
346.97, 74.76, 52.00
344.19, 68.90, 54.96
351.29, 77.84, 38.11
346.77, 71.64, 42.15
351.77, 77.58, 32.45
349.92, 78.65, 39.62
346.47, 70.54, 38.96
347.52, 71.91, 52.07
352.35, 80.09, 35.23
344.55, 68.31, 51.66
347.33, 75.79, 55.76
345.61, 69.04, 43.25
349.12, 75.52, 39.10
350.36, 78.91, 41.34
348.23, 74.25, 51.95
349.07, 78.30, 52.65
345.59, 68.27, 48.32
346.76, 71.78, 36.45
349.42, 76.58, 50.58
346.12, 69.43, 41.17
347.43, 73.04, 46.81
349.62, 79.02, 40.81
350.17, 77.83, 35.39
350.23, 76.39, 33.99
348.22, 74.57, 47.67
349.08, 77.89, 56.11
346.93, 73.00, 45.60
345.34, 69.23, 39.75
348.61, 76.55, 44.22
346.29, 68.90, 37.64
349.60, 78.88, 43.32
344.47, 68.26, 37.68
349.68, 77.13, 40.48
349.10, 76.29, 43.76
346.36, 73.39, 48.39
351.36, 79.17, 34.20
343.67, 68.99, 54.31
346.58, 72.68, 41.31
345.64, 72.35, 51.84
345.54, 69.08, 43.40
351.56, 79.24, 44.50
349.71, 77.63, 44.61
347.55, 73.53, 47.96
347.60, 72.47, 34.68
345.81, 70.74, 33.92
348.75, 74.30, 48.66
345.49, 71.58, 52.58
347.31, 70.48, 35.26
350.57, 75.78, 36.38
348.29, 71.87, 37.45
350.07, 77.71, 44.62
353.07, 80.07, 32.97
349.43, 77.37, 43.92
346.49, 69.18, 38.78
348.71, 76.93, 47.42
349.23, 78.90, 51.38
344.26, 69.40, 50.74
348.94, 75.35, 38.12
346.24, 69.28, 33.78
345.67, 69.38, 54.36
345.60, 69.58, 52.37
345.23, 69.17, 49.42
349.44, 76.45, 50.47
350.29, 78.33, 33.53
346.66, 72.23, 49.96
348.40, 73.20, 34.64
350.04, 77.67, 33.19
350.52, 78.31, 47.37
347.66, 74.33, 52.72
348.66, 76.97, 39.47
346.36, 70.41, 53.49
347.81, 75.54, 47.91
349.43, 76.31, 49.95
349.01, 74.98, 32.92
347.63, 71.16, 32.19
347.19, 71.32, 40.81
347.24, 72.76, 38.24
347.67, 74.94, 47.13
345.38, 70.07, 35.04
350.51, 78.21, 38.63
348.27, 74.11, 41.74
344.97, 68.74, 48.60
348.67, 75.21, 31.86
346.36, 71.79, 41.30
348.34, 71.80, 37.41
350.66, 77.43, 40.33
349.89, 78.58, 36.80
348.29, 76.44, 44.44
345.68, 70.53, 50.96
351.55, 79.49, 35.90
347.44, 75.07, 55.66
349.27, 75.79, 51.43
351.53, 77.94, 35.29
344.69, 68.74, 43.09
345.07, 69.29, 51.24
348.08, 75.91, 40.25
351.13, 79.05, 56.03
345.63, 69.03, 53.90
347.66, 72.46, 36.70
349.63, 78.15, 46.52
349.87, 76.81, 44.02
348.03, 73.11, 52.92
349.11, 75.05, 34.48
349.04, 74.66, 32.56
350.32, 76.46, 34.07
347.59, 74.18, 48.66
350.55, 78.31, 40.16
348.50, 76.68, 52.17
346.74, 71.34, 55.34
347.22, 71.17, 34.95
347.63, 76.15, 54.37
350.00, 77.50, 57.46
345.48, 69.25, 37.25
347.18, 71.70, 42.16
345.11, 68.90, 40.18
348.01, 75.29, 43.43
343.66, 68.43, 50.63
348.96, 75.39, 40.02
351.84, 79.17, 32.37
349.82, 76.49, 45.80
350.96, 78.19, 37.82
351.89, 79.87, 40.80
344.40, 69.02, 42.42
350.68, 79.31, 51.86
349.85, 77.57, 46.43
350.79, 79.06, 41.70
345.12, 68.44, 36.39
349.38, 73.23, 34.48
344.86, 68.30, 44.22
347.23, 74.71, 44.37
350.25, 78.62, 52.04
347.76, 74.31, 53.15
349.40, 78.43, 54.64
344.19, 69.77, 57.45
348.41, 75.71, 55.98
346.21, 71.26, 55.32
350.91, 77.97, 41.46
351.76, 78.38, 32.89
350.84, 79.51, 57.00
350.20, 79.99, 46.05
350.07, 79.82, 47.63
347.25, 74.13, 54.15
345.45, 69.55, 39.63
347.68, 75.78, 56.40
347.86, 75.84, 48.36
349.10, 73.91, 44.81
349.09, 76.40, 48.08
347.57, 74.10, 41.25
347.24, 72.53, 39.56
345.38, 71.82, 50.17
348.16, 73.69, 57.05
345.60, 71.59, 55.74
345.96, 69.71, 42.61
349.59, 79.30, 45.30
349.11, 77.21, 40.58
350.67, 79.89, 33.38
345.31, 70.42, 43.48
348.03, 77.01, 52.90
347.53, 75.72, 48.58
346.88, 73.45, 40.14
348.62, 73.49, 44.52
347.90, 73.64, 38.55
348.02, 73.45, 42.79
349.02, 75.58, 49.71
349.96, 77.48, 54.16
346.22, 70.67, 55.90
345.41, 69.07, 49.02
350.74, 76.95, 34.22
347.28, 72.39, 45.38
347.37, 75.18, 56.46
344.95, 68.53, 38.25
347.03, 75.33, 55.37
345.12, 68.39, 46.67
348.16, 74.64, 35.88
348.44, 73.46, 45.32
345.79, 68.57, 50.13
349.39, 77.14, 45.86
350.09, 74.58, 32.50
350.10, 76.83, 55.32
347.59, 74.19, 46.06
347.71, 73.81, 52.34
346.23, 69.84, 45.89
348.49, 76.41, 48.80
351.38, 82.91, 64.65
349.70, 80.55, 46.04
349.93, 76.66, 49.14
351.98, 81.49, 44.20
349.51, 82.55, 69.16
353.22, 82.58, 66.31
351.56, 77.93, 45.63
353.67, 85.00, 68.55
352.78, 84.13, 60.68
351.28, 80.46, 60.25
353.33, 84.12, 58.14
349.21, 79.53, 47.97
353.18, 85.15, 54.42
350.00, 80.67, 53.84
353.01, 83.76, 47.37
351.72, 84.13, 67.43
354.06, 83.98, 62.55
347.90, 77.28, 45.07
346.60, 75.68, 60.75
354.35, 85.14, 45.18
349.73, 81.76, 66.58
348.23, 80.81, 64.57
351.82, 79.02, 50.31
352.55, 81.26, 50.61
351.91, 79.86, 43.68
349.35, 77.78, 67.51
353.18, 83.64, 43.52
349.89, 83.37, 50.02
346.59, 77.12, 58.25
346.66, 75.62, 54.72
350.07, 81.48, 70.34
349.87, 84.24, 68.43
350.52, 81.75, 48.03
349.55, 81.24, 52.50
352.78, 81.50, 47.64
351.74, 80.25, 62.51
350.30, 80.23, 65.43
352.75, 82.76, 60.42
349.11, 77.57, 67.32
349.88, 77.37, 49.77
347.06, 77.65, 65.43
348.82, 77.37, 47.21
352.89, 85.36, 55.76
347.29, 77.98, 63.61
349.78, 82.11, 57.93
351.66, 81.81, 66.11
354.12, 84.57, 65.98
351.76, 83.36, 57.03
350.53, 81.37, 55.71
352.31, 84.32, 50.63
350.80, 81.35, 46.71
350.29, 83.98, 51.14
350.10, 79.12, 60.49
349.07, 75.99, 66.63
348.87, 80.78, 45.34
352.95, 81.94, 55.54
351.80, 82.29, 56.40
351.23, 80.49, 48.97
346.75, 77.33, 63.24
346.54, 76.36, 53.64
351.88, 80.28, 64.10
346.24, 75.66, 49.07
352.11, 85.33, 64.96
349.28, 77.06, 65.56
352.08, 84.31, 69.23
347.87, 78.86, 49.23
350.10, 84.08, 54.19
351.76, 83.45, 51.52
346.63, 76.69, 67.75
348.46, 78.93, 66.90
349.41, 78.52, 69.81
353.32, 85.26, 52.42
351.99, 85.18, 49.77
350.83, 81.60, 63.82
351.15, 79.96, 67.96
352.09, 85.27, 57.91
349.78, 78.27, 65.89
352.02, 83.07, 65.86
351.87, 84.85, 45.24
352.66, 82.64, 62.85
349.23, 76.06, 61.66
349.44, 78.26, 49.30
352.18, 80.58, 54.49
351.95, 79.75, 50.40
349.10, 82.55, 61.19
352.15, 83.55, 51.55
349.23, 75.77, 67.39
351.21, 84.43, 69.12
351.77, 79.13, 53.93
348.88, 76.63, 50.01
350.74, 83.39, 57.07
352.70, 84.63, 70.76
350.17, 82.72, 65.47
349.95, 76.22, 67.01
352.52, 82.79, 61.87
350.62, 84.53, 60.13
349.51, 79.20, 66.92
352.28, 82.04, 60.67
351.53, 82.13, 45.11
348.94, 79.17, 61.65
351.24, 79.89, 48.86
345.77, 75.74, 60.95
350.46, 79.67, 45.39
351.34, 83.81, 56.05
351.47, 82.71, 55.85
349.65, 80.31, 55.14
350.20, 82.07, 43.53
347.84, 78.79, 59.28
353.19, 85.14, 46.57
351.25, 79.23, 53.00
349.73, 78.53, 56.92
352.59, 82.94, 61.85
347.39, 76.27, 45.69
349.83, 76.86, 43.23
348.41, 79.31, 51.96
348.84, 78.70, 52.65
350.46, 83.03, 44.31
351.55, 79.51, 68.20
349.78, 77.11, 57.50
347.55, 76.27, 44.90
348.05, 80.71, 65.09
354.54, 85.34, 60.40
352.09, 82.11, 50.42
348.60, 76.77, 53.59
350.06, 83.33, 51.27
350.10, 78.31, 44.87
352.51, 82.94, 57.93
353.37, 82.61, 66.16
350.72, 82.02, 55.68
350.57, 84.06, 47.70
350.25, 77.88, 49.18
349.44, 77.97, 65.79
350.94, 82.72, 65.66
349.53, 82.07, 46.72
351.46, 83.48, 68.14
348.30, 79.00, 65.63
354.07, 84.98, 52.95
351.03, 80.15, 66.78
348.30, 76.51, 53.42
353.19, 82.86, 51.77
348.14, 78.20, 57.20
349.11, 81.68, 59.02
349.06, 75.98, 46.86
352.66, 83.97, 46.49
348.69, 80.87, 53.38
349.31, 78.46, 68.03
346.48, 75.69, 44.19
348.91, 81.17, 67.62
348.52, 76.37, 43.87
349.89, 76.11, 46.50
355.05, 89.24, 59.83
351.58, 82.44, 64.30
351.22, 85.94, 69.33
357.46, 90.14, 59.60
352.97, 84.20, 60.03
355.87, 89.08, 67.11
353.41, 82.27, 77.88
357.46, 90.67, 77.64
353.42, 82.41, 81.51
354.15, 87.64, 71.55
352.02, 85.31, 74.66
353.00, 88.13, 62.28
355.72, 88.82, 64.42
354.27, 84.70, 60.80
357.64, 89.79, 60.92
356.37, 90.25, 76.66
351.96, 82.59, 76.27
351.56, 83.27, 71.82
351.22, 84.74, 60.43
351.04, 86.13, 81.64
356.27, 88.28, 73.63
352.11, 87.87, 74.31
351.59, 83.25, 61.54
351.77, 84.54, 68.28
355.35, 89.93, 60.50
354.61, 90.45, 82.19
355.04, 88.83, 80.82
351.88, 83.81, 73.27
354.94, 87.72, 59.04
349.43, 82.59, 81.84
353.54, 89.96, 67.58
356.42, 87.55, 68.51
355.92, 89.51, 77.10
354.07, 87.12, 59.38
354.98, 89.45, 59.45
353.29, 86.02, 60.35
353.54, 84.30, 78.55
350.60, 84.92, 63.43
358.20, 91.14, 77.15
352.05, 85.25, 82.01
352.55, 86.69, 75.33
353.04, 83.37, 67.08
351.01, 85.98, 72.75
355.21, 87.25, 82.56
349.94, 82.28, 76.55
353.58, 88.66, 78.33
354.01, 83.79, 75.97
354.35, 91.09, 70.88
351.84, 85.28, 64.04
351.73, 84.73, 81.13
354.27, 85.72, 68.84
349.71, 82.70, 67.64
352.49, 88.86, 80.56
354.38, 86.64, 80.11
352.16, 85.87, 72.18
352.08, 82.46, 63.25
352.46, 83.60, 69.10
354.34, 88.61, 64.37
352.07, 85.43, 74.64
352.88, 85.56, 77.91
352.25, 87.35, 74.33
354.36, 85.97, 80.84
354.37, 90.53, 81.55
353.91, 88.34, 62.49
354.84, 86.99, 72.66
351.75, 86.21, 71.40
352.75, 82.60, 80.18
351.89, 87.93, 78.07
353.70, 82.78, 80.40
351.08, 82.84, 60.88
354.13, 84.11, 59.32
352.37, 84.19, 76.70
354.50, 91.68, 63.25
351.78, 83.74, 70.14
351.68, 86.09, 73.59
351.06, 85.89, 77.43
351.67, 84.81, 73.07
357.32, 90.92, 62.42
353.32, 83.32, 79.13
355.82, 87.85, 65.61
351.93, 82.98, 79.62
354.39, 86.26, 77.89
352.20, 85.22, 66.10
353.07, 85.57, 70.21
354.95, 87.80, 80.21
357.10, 90.00, 73.35
354.48, 86.74, 71.52
352.01, 84.82, 80.05
350.76, 83.63, 80.64
353.33, 83.77, 83.20
349.69, 82.78, 70.00
352.55, 87.66, 76.96
356.44, 87.55, 68.98
356.24, 89.03, 67.69
354.26, 90.21, 65.99
355.87, 91.50, 65.63
351.74, 82.85, 78.93
353.54, 82.70, 64.45
353.22, 85.24, 69.11
352.87, 86.48, 68.23
352.16, 82.63, 65.17
354.68, 90.25, 65.49
356.32, 89.31, 73.89
353.45, 90.79, 80.19
356.80, 90.44, 83.04
356.40, 89.77, 63.42
352.57, 83.47, 62.66
354.00, 86.18, 61.15
353.18, 88.60, 59.90
355.33, 88.88, 80.97
350.01, 83.80, 77.78
352.85, 83.07, 79.82
353.60, 89.99, 63.54
351.36, 85.76, 63.58
352.06, 87.33, 63.32
349.98, 83.67, 75.85
354.28, 86.01, 74.44
352.70, 85.60, 76.44
353.82, 90.52, 67.57
354.45, 85.49, 73.67
355.69, 86.24, 58.94
354.65, 90.55, 83.29
354.57, 84.63, 66.21
351.40, 84.46, 74.82
352.03, 83.39, 76.53
350.82, 84.09, 71.90
354.12, 84.97, 82.15
354.04, 89.82, 80.11
352.30, 88.42, 77.71
352.49, 87.50, 65.55
352.97, 87.87, 63.73
355.62, 91.16, 68.58
352.79, 86.64, 75.38
356.42, 88.53, 63.19
352.44, 87.90, 64.50
350.52, 84.22, 78.20
354.90, 86.60, 66.32
355.26, 87.73, 75.23
354.60, 85.92, 79.18
350.45, 82.95, 72.76
350.67, 82.44, 72.55
350.41, 83.13, 61.40
358.29, 91.46, 81.43
353.52, 86.63, 77.57
354.83, 90.44, 74.49
356.69, 89.78, 77.87
355.57, 86.03, 72.39
354.52, 85.04, 69.19
353.77, 89.57, 74.90
350.57, 82.23, 67.94
358.24, 94.13, 82.99
356.92, 95.64, 89.40
358.36, 93.52, 91.70
353.94, 91.00, 88.81
354.61, 92.29, 86.65
353.59, 90.34, 95.11
358.19, 96.88, 75.16
359.15, 94.46, 96.03
356.58, 94.22, 72.71
353.39, 90.55, 92.50
357.85, 93.04, 90.22
360.55, 97.77, 74.84
358.39, 95.13, 97.38
358.78, 96.93, 73.28
359.34, 94.35, 82.18
355.72, 89.80, 89.78
355.11, 92.90, 98.21
362.80, 98.56, 78.43
358.34, 94.32, 78.85
355.82, 95.18, 77.87
357.70, 91.27, 77.65
360.22, 95.65, 90.70
355.85, 91.81, 96.02
353.61, 90.58, 74.93
357.21, 97.29, 74.03
353.22, 90.79, 78.31
354.41, 91.41, 96.46
359.77, 95.46, 78.96
357.92, 92.23, 79.44
358.94, 96.63, 70.50
356.07, 95.30, 81.83
360.14, 95.03, 87.55
356.40, 90.15, 76.52
358.28, 93.49, 71.74
352.86, 90.54, 84.92
356.75, 91.04, 90.90
359.37, 95.83, 88.56
360.23, 98.31, 84.15
356.76, 91.18, 93.68
355.72, 90.70, 87.25
361.15, 97.29, 72.09
359.64, 97.08, 89.98
358.68, 96.52, 91.36
360.79, 98.56, 92.22
353.80, 92.84, 93.15
356.76, 93.26, 78.13
358.99, 96.89, 78.42
358.75, 94.30, 86.33
356.10, 94.68, 94.46
358.73, 98.63, 83.29
356.81, 91.43, 71.95
357.04, 96.48, 85.17
356.79, 91.59, 91.53
356.52, 90.39, 98.09
356.00, 90.15, 89.77
360.89, 96.36, 76.79
355.19, 94.15, 97.43
354.82, 92.91, 71.98
358.15, 95.99, 93.50
357.07, 94.73, 96.37
354.98, 91.05, 78.73
359.81, 98.30, 97.96
358.85, 95.34, 78.66
357.65, 96.17, 82.95
357.01, 94.99, 98.68
356.30, 93.28, 87.89
357.92, 94.33, 83.85
356.79, 94.48, 89.35
358.84, 95.53, 75.51
357.08, 97.77, 86.37
361.70, 98.57, 98.94
359.00, 96.47, 77.31
353.99, 90.77, 81.07
360.34, 97.12, 80.59
358.55, 98.63, 97.33
355.45, 91.65, 72.54
356.61, 89.78, 92.49
355.71, 90.16, 86.03
358.37, 91.68, 83.48
357.03, 96.18, 89.78
355.67, 92.61, 76.99
358.99, 96.50, 90.76
361.56, 97.97, 74.99
352.98, 91.36, 94.46
357.38, 97.44, 96.76
358.43, 95.85, 73.58
360.99, 96.04, 86.59
357.98, 94.30, 93.24
356.12, 92.80, 86.58
353.61, 91.07, 97.15
356.73, 91.77, 73.02
358.20, 95.49, 76.18
356.59, 90.37, 86.98
357.03, 94.80, 71.17
352.97, 90.31, 97.73
356.14, 92.78, 94.62
358.06, 92.69, 74.17
358.02, 98.58, 86.34
357.49, 95.53, 72.64
357.59, 90.67, 73.22
